{"cameraMode":{"drawMode":0,"name":"Shaded","section":"Shading Mode"},"sceneLighting":true,"audioPlay":false,"sceneViewState":{"showFog":true,"showMaterialUpdate":false,"showSkybox":true,"showFlares":true,"showImageEffects":true,"showParticleSystems":true},"in2DMode":false,"pivot":{"x":11.72111701965332,"y":4.487529754638672,"z":70.98721313476563},"rotation":{"x":-0.05085243657231331,"y":-0.07005485892295838,"z":0.003575913840904832,"w":-0.9962400197982788},"size":53.24235916137695,"orthographic":false}